Wind speed,Cloud cover,Air themperature,Humidity,Duration (For),SourceHeight,Tank Diameter,Tank length,Liquid level,Opening diameter,Chemical,Mesurement Heigth,Wind is from,Chemical state,Building,Ground roughtness,Source,Tank Diameter (meters),Tank Type,Stored Themperature,Opening Diameter (inches),Height of the Tank opening,Ground type,Source strength,Leak through,Stored
4.0,10.0,19.0,87.0,43.0,65.79,5.3,8.3,78.0,2.23,cyclohexanone,3,ENE,cyclohexanone,Double storied,open country,Instantaneous,5.3,vertical,19.0,2.23,27,Concrete,cubic meters,pipe/valve,Liquid
5.0,3.0,33.0,78.0,7.0,31.5,0.6,3.6,49.0,1.07,cyclohexanone,3,NNE,cyclohexanone,Single office,open country,Instantaneous,0.6,Sphere,33.0,1.07,4,Concrete,cubic meters,pipe/valve,Liquid
6.0,7.0,28.0,81.0,55.0,8.74,2.4,0.8,50.0,2.26,cyclohexanone,3,NE,cyclohexanone,Double storied,open country,Continue,2.4,Horizontal,28.0,2.26,60,Concrete,cubic meters,pipe/valve,Liquid
4.0,1.0,35.0,78.0,37.0,62.98,4.8,3.6,71.0,2.64,cyclohexanone,3,ESE,cyclohexanone,Enclosed office,open country,Continue,4.8,Sphere,35.0,2.64,51,Concrete,cubic meters,Hole,Liquid
4.0,10.0,29.0,84.0,54.0,38.14,4.4,9.1,42.0,2.92,cyclohexanone,3,NNE,cyclohexanone,Double storied,open country,Continue,4.4,Horizontal,29.0,2.92,1,Concrete,cubic meters,Hole,Liquid
6.0,9.0,21.0,81.0,46.0,77.37,1.5,6.1,97.0,1.41,cyclohexanone,3,ESE,cyclohexanone,Single office,open country,Continue,1.5,Sphere,21.0,1.41,29,Concrete,cubic meters,Hole,Liquid
3.0,8.0,30.0,79.0,39.0,33.26,2.6,6.1,30.0,1.16,cyclohexanone,3,NNE,cyclohexanone,Single office,Urban or forest,Continue,2.6,vertical,30.0,1.16,43,Concrete,cubic meters,Hole,Liquid
5.0,4.0,35.0,78.0,6.0,6.83,8.9,5.8,5.0,2.17,cyclohexanone,3,NNE,cyclohexanone,Enclosed office,open country,Continue,8.9,Horizontal,35.0,2.17,0,Concrete,cubic meters,Hole,Liquid
5.0,7.0,35.0,79.0,36.0,95.73,7.7,2.3,50.0,2.71,cyclohexanone,3,NNE,cyclohexanone,Single office,open country,Instantaneous,7.7,Sphere,35.0,2.71,39,Concrete,cubic meters,pipe/valve,Liquid
5.0,3.0,19.0,85.0,4.0,40.07,4.0,9.5,59.0,2.33,cyclohexanone,3,NE,cyclohexanone,Enclosed office,Urban or forest,Instantaneous,4.0,vertical,19.0,2.33,27,Concrete,cubic meters,pipe/valve,Liquid
4.0,5.0,29.0,86.0,25.0,9.15,8.9,8.8,98.0,2.92,cyclohexanone,3,ENE,cyclohexanone,Double storied,Urban or forest,Instantaneous,8.9,vertical,29.0,2.92,60,Concrete,cubic meters,pipe/valve,Liquid
5.0,3.0,33.0,79.0,58.0,13.96,9.6,1.2,64.0,2.47,cyclohexanone,3,ESE,cyclohexanone,Double storied,Urban or forest,Continue,9.6,vertical,33.0,2.47,27,Concrete,cubic meters,pipe/valve,Liquid
5.0,6.0,19.0,83.0,44.0,46.51,6.1,8.5,78.0,0.83,cyclohexanone,3,ESE,cyclohexanone,Single office,open country,Continue,6.1,Sphere,19.0,0.83,29,Concrete,cubic meters,Hole,Liquid
6.0,6.0,20.0,83.0,56.0,75.38,5.3,9.1,53.0,2.14,cyclohexanone,3,ESE,cyclohexanone,Double storied,Urban or forest,Continue,5.3,Sphere,20.0,2.14,4,Concrete,cubic meters,Hole,Liquid
4.0,4.0,28.0,84.0,20.0,1.24,4.9,9.8,22.0,2.06,cyclohexanone,3,NNE,cyclohexanone,Double storied,open country,Instantaneous,4.9,Horizontal,28.0,2.06,16,Concrete,cubic meters,pipe/valve,Liquid
5.0,2.0,21.0,86.0,19.0,22.38,7.3,4.8,29.0,1.0,cyclohexanone,3,NNE,cyclohexanone,Double storied,Urban or forest,Continue,7.3,Horizontal,21.0,1.0,70,Concrete,cubic meters,pipe/valve,Liquid
5.0,10.0,28.0,79.0,44.0,58.56,2.5,6.8,31.0,0.94,cyclohexanone,3,NE,cyclohexanone,Enclosed office,open country,Instantaneous,2.5,Horizontal,28.0,0.94,60,Concrete,cubic meters,pipe/valve,Liquid
5.0,2.0,28.0,86.0,20.0,87.31,3.7,9.5,69.0,2.79,cyclohexanone,3,NE,cyclohexanone,Single office,open country,Instantaneous,3.7,vertical,28.0,2.79,21,Concrete,cubic meters,pipe/valve,Liquid
3.0,3.0,34.0,84.0,16.0,57.29,5.5,4.2,80.0,2.67,cyclohexanone,3,ESE,cyclohexanone,Enclosed office,open country,Continue,5.5,Sphere,34.0,2.67,64,Concrete,cubic meters,pipe/valve,Liquid
5.0,0.0,21.0,77.0,15.0,28.0,5.2,7.9,28.0,1.4,cyclohexanone,3,ENE,cyclohexanone,Double storied,Urban or forest,Continue,5.2,Sphere,21.0,1.4,67,Concrete,cubic meters,Hole,Liquid
3.0,8.0,31.0,79.0,49.0,97.83,7.1,9.0,84.0,2.55,cyclohexanone,3,ESE,cyclohexanone,Enclosed office,open country,Instantaneous,7.1,vertical,31.0,2.55,11,Concrete,cubic meters,pipe/valve,Liquid
3.0,5.0,24.0,77.0,10.0,1.64,2.8,9.9,4.0,2.66,cyclohexanone,3,ESE,cyclohexanone,Single office,Urban or forest,Instantaneous,2.8,vertical,24.0,2.66,27,Concrete,cubic meters,Hole,Liquid
5.0,4.0,31.0,85.0,29.0,26.25,0.7,2.0,39.0,2.5,cyclohexanone,3,ESE,cyclohexanone,Double storied,open country,Continue,0.7,vertical,31.0,2.5,24,Concrete,cubic meters,pipe/valve,Liquid
6.0,8.0,26.0,87.0,34.0,29.57,5.5,7.2,81.0,0.78,cyclohexanone,3,ESE,cyclohexanone,Double storied,open country,Instantaneous,5.5,Sphere,26.0,0.78,5,Concrete,cubic meters,Hole,Liquid
6.0,6.0,32.0,78.0,1.0,73.4,2.7,7.4,47.0,1.99,cyclohexanone,3,ENE,cyclohexanone,Single office,open country,Continue,2.7,Horizontal,32.0,1.99,18,Concrete,cubic meters,pipe/valve,Liquid
6.0,5.0,19.0,86.0,21.0,32.78,8.2,1.7,86.0,1.15,cyclohexanone,3,NE,cyclohexanone,Double storied,Urban or forest,Continue,8.2,vertical,19.0,1.15,22,Concrete,cubic meters,pipe/valve,Liquid
4.0,8.0,33.0,82.0,35.0,3.26,3.6,7.6,6.0,2.27,cyclohexanone,3,NE,cyclohexanone,Double storied,Urban or forest,Continue,3.6,Horizontal,33.0,2.27,4,Concrete,cubic meters,Hole,Liquid
4.0,3.0,27.0,82.0,30.0,64.11,5.8,7.8,24.0,2.47,cyclohexanone,3,ESE,cyclohexanone,Enclosed office,Urban or forest,Instantaneous,5.8,Sphere,27.0,2.47,34,Concrete,cubic meters,pipe/valve,Liquid
4.0,4.0,21.0,78.0,14.0,76.09,5.0,9.4,78.0,0.99,cyclohexanone,3,NNE,cyclohexanone,Double storied,Urban or forest,Instantaneous,5.0,Sphere,21.0,0.99,21,Concrete,cubic meters,pipe/valve,Liquid
6.0,8.0,28.0,86.0,13.0,46.1,5.4,7.2,38.0,1.55,cyclohexanone,3,NNE,cyclohexanone,Double storied,Urban or forest,Instantaneous,5.4,Horizontal,28.0,1.55,1,Concrete,cubic meters,Hole,Liquid
4.0,3.0,29.0,81.0,12.0,55.87,2.2,3.3,36.0,1.74,cyclohexanone,3,NE,cyclohexanone,Double storied,Urban or forest,Instantaneous,2.2,Horizontal,29.0,1.74,34,Concrete,cubic meters,pipe/valve,Liquid
5.0,9.0,31.0,81.0,39.0,38.72,9.9,5.7,44.0,1.88,cyclohexanone,3,ESE,cyclohexanone,Enclosed office,Urban or forest,Continue,9.9,vertical,31.0,1.88,63,Concrete,cubic meters,pipe/valve,Liquid
5.0,4.0,33.0,85.0,15.0,88.52,4.9,0.9,80.0,2.85,cyclohexanone,3,NE,cyclohexanone,Double storied,open country,Continue,4.9,Horizontal,33.0,2.85,19,Concrete,cubic meters,pipe/valve,Liquid
5.0,5.0,19.0,83.0,37.0,90.79,3.2,8.4,97.0,2.02,cyclohexanone,3,NE,cyclohexanone,Double storied,Urban or forest,Continue,3.2,vertical,19.0,2.02,6,Concrete,cubic meters,Hole,Liquid
5.0,8.0,33.0,86.0,12.0,91.7,9.7,0.8,89.0,2.1,cyclohexanone,3,ESE,cyclohexanone,Enclosed office,open country,Instantaneous,9.7,vertical,33.0,2.1,1,Concrete,cubic meters,pipe/valve,Liquid
4.0,6.0,29.0,85.0,8.0,23.35,8.5,6.4,89.0,2.49,cyclohexanone,3,ESE,cyclohexanone,Double storied,open country,Instantaneous,8.5,Sphere,29.0,2.49,56,Concrete,cubic meters,Hole,Liquid
5.0,6.0,30.0,81.0,49.0,45.7,5.0,6.6,11.0,2.04,cyclohexanone,3,ENE,cyclohexanone,Enclosed office,open country,Instantaneous,5.0,vertical,30.0,2.04,12,Concrete,cubic meters,pipe/valve,Liquid
3.0,2.0,34.0,81.0,22.0,18.05,6.4,2.9,68.0,2.64,cyclohexanone,3,NNE,cyclohexanone,Single office,open country,Continue,6.4,Sphere,34.0,2.64,60,Concrete,cubic meters,Hole,Liquid
5.0,2.0,24.0,85.0,53.0,90.32,2.4,8.7,53.0,1.04,cyclohexanone,3,NE,cyclohexanone,Double storied,open country,Continue,2.4,Horizontal,24.0,1.04,0,Concrete,cubic meters,Hole,Liquid
4.0,1.0,19.0,77.0,39.0,86.73,3.8,5.4,33.0,2.52,cyclohexanone,3,ENE,cyclohexanone,Enclosed office,Urban or forest,Instantaneous,3.8,Sphere,19.0,2.52,19,Concrete,cubic meters,pipe/valve,Liquid
3.0,5.0,24.0,78.0,48.0,79.9,2.0,3.9,87.0,0.81,cyclohexanone,3,NE,cyclohexanone,Enclosed office,Urban or forest,Continue,2.0,Horizontal,24.0,0.81,59,Concrete,cubic meters,pipe/valve,Liquid
5.0,8.0,25.0,82.0,47.0,51.5,5.4,3.9,29.0,1.41,cyclohexanone,3,ESE,cyclohexanone,Single office,Urban or forest,Continue,5.4,Sphere,25.0,1.41,39,Concrete,cubic meters,Hole,Liquid
4.0,4.0,23.0,86.0,15.0,24.53,4.9,7.1,34.0,2.51,cyclohexanone,3,NNE,cyclohexanone,Single office,Urban or forest,Instantaneous,4.9,vertical,23.0,2.51,17,Concrete,cubic meters,Hole,Liquid
5.0,4.0,27.0,83.0,51.0,50.68,2.2,8.1,83.0,1.32,cyclohexanone,3,ESE,cyclohexanone,Double storied,open country,Instantaneous,2.2,Sphere,27.0,1.32,51,Concrete,cubic meters,Hole,Liquid
4.0,5.0,19.0,86.0,21.0,72.03,8.1,5.9,52.0,1.91,cyclohexanone,3,NNE,cyclohexanone,Single office,Urban or forest,Continue,8.1,vertical,19.0,1.91,38,Concrete,cubic meters,pipe/valve,Liquid
4.0,1.0,25.0,86.0,52.0,22.84,0.6,3.1,39.0,2.04,cyclohexanone,3,NNE,cyclohexanone,Double storied,open country,Instantaneous,0.6,Sphere,25.0,2.04,0,Concrete,cubic meters,pipe/valve,Liquid
4.0,1.0,18.0,87.0,17.0,17.8,6.9,9.5,66.0,1.16,cyclohexanone,3,NE,cyclohexanone,Double storied,Urban or forest,Instantaneous,6.9,Horizontal,18.0,1.16,13,Concrete,cubic meters,pipe/valve,Liquid
6.0,5.0,27.0,83.0,9.0,66.52,6.8,4.5,100.0,2.83,cyclohexanone,3,NNE,cyclohexanone,Enclosed office,open country,Instantaneous,6.8,Horizontal,27.0,2.83,58,Concrete,cubic meters,pipe/valve,Liquid
3.0,2.0,21.0,81.0,45.0,61.67,4.1,0.7,7.0,2.36,cyclohexanone,3,NNE,cyclohexanone,Double storied,Urban or forest,Instantaneous,4.1,Horizontal,21.0,2.36,32,Concrete,cubic meters,Hole,Liquid
5.0,5.0,25.0,86.0,56.0,25.33,1.5,1.6,15.0,2.39,cyclohexanone,3,NE,cyclohexanone,Double storied,open country,Continue,1.5,Sphere,25.0,2.39,2,Concrete,cubic meters,Hole,Liquid
4.0,4.0,32.0,81.0,8.0,70.16,2.4,2.1,46.0,1.1,cyclohexanone,3,ESE,cyclohexanone,Double storied,Urban or forest,Continue,2.4,Horizontal,32.0,1.1,49,Concrete,cubic meters,pipe/valve,Liquid
4.0,0.0,33.0,81.0,16.0,42.92,9.3,4.0,29.0,2.35,cyclohexanone,3,ENE,cyclohexanone,Single office,open country,Instantaneous,9.3,vertical,33.0,2.35,35,Concrete,cubic meters,Hole,Liquid
6.0,1.0,29.0,83.0,34.0,21.75,4.0,1.9,54.0,1.26,cyclohexanone,3,ENE,cyclohexanone,Enclosed office,Urban or forest,Instantaneous,4.0,Horizontal,29.0,1.26,15,Concrete,cubic meters,pipe/valve,Liquid
4.0,4.0,34.0,83.0,27.0,62.21,9.4,7.5,64.0,2.01,cyclohexanone,3,ESE,cyclohexanone,Double storied,open country,Continue,9.4,vertical,34.0,2.01,22,Concrete,cubic meters,pipe/valve,Liquid
3.0,3.0,34.0,87.0,16.0,58.33,8.2,5.6,9.0,2.8,cyclohexanone,3,NNE,cyclohexanone,Enclosed office,open country,Instantaneous,8.2,Sphere,34.0,2.8,10,Concrete,cubic meters,Hole,Liquid
4.0,7.0,27.0,78.0,42.0,99.5,2.8,1.1,16.0,1.9,cyclohexanone,3,NNE,cyclohexanone,Single office,Urban or forest,Continue,2.8,Sphere,27.0,1.9,25,Concrete,cubic meters,Hole,Liquid
5.0,4.0,23.0,81.0,26.0,77.12,9.8,1.8,38.0,1.22,cyclohexanone,3,ESE,cyclohexanone,Double storied,open country,Instantaneous,9.8,Sphere,23.0,1.22,38,Concrete,cubic meters,pipe/valve,Liquid
5.0,8.0,21.0,80.0,4.0,84.92,7.9,5.1,20.0,1.53,cyclohexanone,3,NE,cyclohexanone,Single office,open country,Instantaneous,7.9,Horizontal,21.0,1.53,24,Concrete,cubic meters,Hole,Liquid
5.0,6.0,19.0,82.0,33.0,72.86,6.4,3.4,72.0,2.97,cyclohexanone,3,ENE,cyclohexanone,Enclosed office,Urban or forest,Continue,6.4,Horizontal,19.0,2.97,9,Concrete,cubic meters,pipe/valve,Liquid
5.0,2.0,28.0,77.0,42.0,14.36,3.8,2.1,90.0,2.12,cyclohexanone,3,NNE,cyclohexanone,Single office,Urban or forest,Continue,3.8,vertical,28.0,2.12,70,Concrete,cubic meters,Hole,Liquid
6.0,1.0,31.0,80.0,49.0,32.22,7.9,9.3,92.0,2.01,cyclohexanone,3,NNE,cyclohexanone,Double storied,open country,Instantaneous,7.9,Horizontal,31.0,2.01,54,Concrete,cubic meters,pipe/valve,Liquid
3.0,5.0,35.0,83.0,46.0,80.23,9.0,1.5,19.0,2.29,cyclohexanone,3,ESE,cyclohexanone,Single office,Urban or forest,Instantaneous,9.0,vertical,35.0,2.29,38,Concrete,cubic meters,Hole,Liquid
6.0,2.0,32.0,80.0,13.0,24.29,8.7,3.1,54.0,2.65,cyclohexanone,3,ESE,cyclohexanone,Double storied,Urban or forest,Continue,8.7,Horizontal,32.0,2.65,24,Concrete,cubic meters,Hole,Liquid
6.0,5.0,20.0,83.0,11.0,41.82,7.9,5.4,79.0,1.77,cyclohexanone,3,ENE,cyclohexanone,Double storied,Urban or forest,Instantaneous,7.9,Sphere,20.0,1.77,23,Concrete,cubic meters,Hole,Liquid
5.0,10.0,33.0,78.0,54.0,64.35,7.2,2.2,33.0,2.96,cyclohexanone,3,ESE,cyclohexanone,Enclosed office,Urban or forest,Instantaneous,7.2,vertical,33.0,2.96,7,Concrete,cubic meters,Hole,Liquid
4.0,9.0,24.0,79.0,7.0,91.48,8.6,9.7,88.0,1.2,cyclohexanone,3,ESE,cyclohexanone,Double storied,Urban or forest,Instantaneous,8.6,vertical,24.0,1.2,17,Concrete,cubic meters,Hole,Liquid
6.0,1.0,25.0,79.0,50.0,90.37,7.0,1.2,99.0,2.98,cyclohexanone,3,NNE,cyclohexanone,Double storied,open country,Instantaneous,7.0,Sphere,25.0,2.98,15,Concrete,cubic meters,Hole,Liquid
4.0,0.0,19.0,79.0,3.0,19.13,6.4,6.8,9.0,2.22,cyclohexanone,3,NNE,cyclohexanone,Double storied,Urban or forest,Instantaneous,6.4,Horizontal,19.0,2.22,29,Concrete,cubic meters,pipe/valve,Liquid
5.0,5.0,26.0,82.0,1.0,66.79,0.9,5.9,1.0,0.84,cyclohexanone,3,ESE,cyclohexanone,Enclosed office,Urban or forest,Instantaneous,0.9,Horizontal,26.0,0.84,35,Concrete,cubic meters,pipe/valve,Liquid
4.0,6.0,31.0,80.0,21.0,55.53,1.6,7.7,68.0,2.14,cyclohexanone,3,NE,cyclohexanone,Single office,Urban or forest,Continue,1.6,Horizontal,31.0,2.14,31,Concrete,cubic meters,Hole,Liquid
4.0,3.0,28.0,77.0,7.0,47.61,6.3,2.1,73.0,2.17,cyclohexanone,3,NE,cyclohexanone,Double storied,Urban or forest,Continue,6.3,vertical,28.0,2.17,4,Concrete,cubic meters,Hole,Liquid
4.0,3.0,32.0,79.0,20.0,35.96,2.1,8.3,26.0,1.44,cyclohexanone,3,ENE,cyclohexanone,Enclosed office,Urban or forest,Instantaneous,2.1,Horizontal,32.0,1.44,43,Concrete,cubic meters,pipe/valve,Liquid
4.0,7.0,30.0,84.0,58.0,4.11,8.1,2.3,3.0,2.18,cyclohexanone,3,ENE,cyclohexanone,Enclosed office,Urban or forest,Continue,8.1,vertical,30.0,2.18,72,Concrete,cubic meters,pipe/valve,Liquid
6.0,6.0,31.0,85.0,23.0,0.31,6.9,9.1,94.0,1.19,cyclohexanone,3,NE,cyclohexanone,Double storied,open country,Instantaneous,6.9,Sphere,31.0,1.19,63,Concrete,cubic meters,pipe/valve,Liquid
4.0,1.0,18.0,86.0,17.0,5.66,1.1,9.0,100.0,1.38,cyclohexanone,3,NE,cyclohexanone,Double storied,Urban or forest,Instantaneous,1.1,Horizontal,18.0,1.38,22,Concrete,cubic meters,Hole,Liquid
5.0,2.0,20.0,84.0,36.0,67.77,8.4,7.7,28.0,2.23,cyclohexanone,3,ENE,cyclohexanone,Single office,Urban or forest,Instantaneous,8.4,Horizontal,20.0,2.23,46,Concrete,cubic meters,pipe/valve,Liquid
3.0,2.0,21.0,82.0,26.0,44.46,4.0,6.4,14.0,1.49,cyclohexanone,3,ESE,cyclohexanone,Double storied,Urban or forest,Instantaneous,4.0,Sphere,21.0,1.49,55,Concrete,cubic meters,pipe/valve,Liquid
5.0,3.0,29.0,81.0,20.0,50.62,1.1,3.5,98.0,1.85,cyclohexanone,3,NE,cyclohexanone,Enclosed office,Urban or forest,Continue,1.1,Sphere,29.0,1.85,1,Concrete,cubic meters,Hole,Liquid
5.0,4.0,32.0,78.0,49.0,15.74,3.0,1.4,95.0,1.12,cyclohexanone,3,ENE,cyclohexanone,Single office,open country,Instantaneous,3.0,Sphere,32.0,1.12,24,Concrete,cubic meters,pipe/valve,Liquid
4.0,3.0,27.0,80.0,38.0,48.82,0.8,3.1,43.0,1.53,cyclohexanone,3,NE,cyclohexanone,Enclosed office,Urban or forest,Instantaneous,0.8,vertical,27.0,1.53,67,Concrete,cubic meters,pipe/valve,Liquid
4.0,0.0,27.0,82.0,54.0,53.16,0.7,7.0,38.0,2.58,cyclohexanone,3,NNE,cyclohexanone,Single office,open country,Instantaneous,0.7,vertical,27.0,2.58,71,Concrete,cubic meters,pipe/valve,Liquid
4.0,2.0,33.0,77.0,23.0,71.02,9.0,7.4,18.0,1.97,cyclohexanone,3,NE,cyclohexanone,Single office,Urban or forest,Instantaneous,9.0,Sphere,33.0,1.97,21,Concrete,cubic meters,Hole,Liquid
4.0,9.0,23.0,78.0,34.0,96.9,7.0,2.8,90.0,1.78,cyclohexanone,3,ESE,cyclohexanone,Single office,Urban or forest,Continue,7.0,Sphere,23.0,1.78,68,Concrete,cubic meters,Hole,Liquid
5.0,6.0,31.0,77.0,43.0,93.32,2.6,6.5,47.0,0.9,cyclohexanone,3,NNE,cyclohexanone,Double storied,Urban or forest,Instantaneous,2.6,Horizontal,31.0,0.9,57,Concrete,cubic meters,pipe/valve,Liquid
3.0,5.0,22.0,80.0,12.0,99.73,1.4,6.2,80.0,1.87,cyclohexanone,3,NE,cyclohexanone,Single office,Urban or forest,Instantaneous,1.4,vertical,22.0,1.87,29,Concrete,cubic meters,pipe/valve,Liquid
5.0,3.0,23.0,83.0,40.0,0.55,5.0,4.9,45.0,2.7,cyclohexanone,3,ENE,cyclohexanone,Double storied,open country,Continue,5.0,Sphere,23.0,2.7,49,Concrete,cubic meters,Hole,Liquid
6.0,7.0,34.0,82.0,18.0,14.89,5.1,5.3,37.0,1.51,cyclohexanone,3,ENE,cyclohexanone,Single office,Urban or forest,Instantaneous,5.1,vertical,34.0,1.51,46,Concrete,cubic meters,Hole,Liquid
6.0,7.0,25.0,84.0,19.0,19.37,1.3,4.1,62.0,2.42,cyclohexanone,3,ENE,cyclohexanone,Double storied,open country,Continue,1.3,Horizontal,25.0,2.42,60,Concrete,cubic meters,Hole,Liquid
4.0,8.0,33.0,85.0,5.0,73.79,3.4,1.2,6.0,1.95,cyclohexanone,3,NNE,cyclohexanone,Double storied,Urban or forest,Continue,3.4,Horizontal,33.0,1.95,70,Concrete,cubic meters,Hole,Liquid
5.0,7.0,24.0,87.0,10.0,46.92,3.2,3.4,70.0,2.36,cyclohexanone,3,NNE,cyclohexanone,Enclosed office,Urban or forest,Continue,3.2,Horizontal,24.0,2.36,53,Concrete,cubic meters,Hole,Liquid
6.0,8.0,24.0,85.0,48.0,34.95,1.5,9.6,2.0,1.39,cyclohexanone,3,ENE,cyclohexanone,Single office,Urban or forest,Instantaneous,1.5,Horizontal,24.0,1.39,67,Concrete,cubic meters,pipe/valve,Liquid
4.0,3.0,29.0,82.0,45.0,95.19,9.5,2.6,40.0,2.31,cyclohexanone,3,ESE,cyclohexanone,Single office,Urban or forest,Instantaneous,9.5,Sphere,29.0,2.31,15,Concrete,cubic meters,Hole,Liquid
4.0,7.0,21.0,81.0,13.0,23.09,6.3,1.3,39.0,1.7,cyclohexanone,3,NNE,cyclohexanone,Enclosed office,Urban or forest,Instantaneous,6.3,Horizontal,21.0,1.7,36,Concrete,cubic meters,Hole,Liquid
4.0,5.0,23.0,82.0,59.0,97.19,3.3,5.4,60.0,1.05,cyclohexanone,3,ESE,cyclohexanone,Single office,open country,Instantaneous,3.3,vertical,23.0,1.05,70,Concrete,cubic meters,Hole,Liquid
3.0,8.0,21.0,79.0,52.0,82.07,1.0,6.1,73.0,0.91,cyclohexanone,3,ESE,cyclohexanone,Single office,open country,Instantaneous,1.0,Horizontal,21.0,0.91,25,Concrete,cubic meters,pipe/valve,Liquid
5.0,3.0,27.0,81.0,56.0,78.14,0.8,4.0,22.0,1.28,cyclohexanone,3,ESE,cyclohexanone,Single office,Urban or forest,Continue,0.8,Horizontal,27.0,1.28,66,Concrete,cubic meters,Hole,Liquid
4.0,0.0,27.0,78.0,52.0,43.04,4.7,5.9,91.0,1.28,cyclohexanone,3,ENE,cyclohexanone,Double storied,Urban or forest,Continue,4.7,vertical,27.0,1.28,49,Concrete,cubic meters,pipe/valve,Liquid
5.0,2.0,28.0,83.0,5.0,16.05,5.8,8.1,58.0,0.78,cyclohexanone,3,NNE,cyclohexanone,Enclosed office,open country,Instantaneous,5.8,Sphere,28.0,0.78,11,Concrete,cubic meters,Hole,Liquid
6.0,9.0,29.0,78.0,51.0,68.19,6.1,6.7,37.0,1.71,cyclohexanone,3,ESE,cyclohexanone,Single office,open country,Continue,6.1,Sphere,29.0,1.71,66,Concrete,cubic meters,Hole,Liquid
4.0,5.0,22.0,81.0,5.0,59.39,2.2,4.3,85.0,1.81,cyclohexanone,3,ESE,cyclohexanone,Enclosed office,open country,Instantaneous,2.2,Horizontal,22.0,1.81,73,Concrete,cubic meters,pipe/valve,Liquid
6.0,3.0,20.0,86.0,29.0,76.63,4.5,8.2,74.0,0.75,cyclohexanone,3,ENE,cyclohexanone,Single office,open country,Instantaneous,4.5,Horizontal,20.0,0.75,38,Concrete,cubic meters,pipe/valve,Liquid
5.0,9.0,32.0,80.0,31.0,80.53,1.2,7.7,95.0,1.17,cyclohexanone,3,NE,cyclohexanone,Double storied,open country,Continue,1.2,Horizontal,32.0,1.17,72,Concrete,cubic meters,Hole,Liquid
5.0,2.0,23.0,84.0,4.0,74.22,9.5,5.1,3.0,2.08,cyclohexanone,3,ESE,cyclohexanone,Double storied,open country,Instantaneous,9.5,Sphere,23.0,2.08,44,Concrete,cubic meters,pipe/valve,Liquid
3.0,9.0,19.0,80.0,22.0,45.35,6.8,8.3,51.0,2.88,cyclohexanone,3,ENE,cyclohexanone,Single office,Urban or forest,Continue,6.8,Horizontal,19.0,2.88,60,Concrete,cubic meters,pipe/valve,Liquid
5.0,3.0,22.0,79.0,20.0,13.46,2.1,1.7,41.0,2.52,cyclohexanone,3,ENE,cyclohexanone,Enclosed office,Urban or forest,Instantaneous,2.1,Horizontal,22.0,2.52,25,Concrete,cubic meters,Hole,Liquid
3.0,4.0,26.0,84.0,49.0,86.52,1.8,10.0,99.0,1.89,cyclohexanone,3,ENE,cyclohexanone,Single office,open country,Continue,1.8,Sphere,26.0,1.89,6,Concrete,cubic meters,Hole,Liquid
4.0,10.0,33.0,78.0,18.0,28.55,7.9,6.2,14.0,2.48,cyclohexanone,3,ENE,cyclohexanone,Single office,open country,Continue,7.9,Sphere,33.0,2.48,72,Concrete,cubic meters,pipe/valve,Liquid
4.0,4.0,34.0,84.0,59.0,98.93,9.8,9.2,62.0,1.66,cyclohexanone,3,ENE,cyclohexanone,Single office,Urban or forest,Instantaneous,9.8,vertical,34.0,1.66,7,Concrete,cubic meters,pipe/valve,Liquid
5.0,3.0,33.0,82.0,28.0,75.0,9.1,0.9,34.0,2.16,cyclohexanone,3,NNE,cyclohexanone,Enclosed office,open country,Continue,9.1,Sphere,33.0,2.16,1,Concrete,cubic meters,pipe/valve,Liquid
5.0,0.0,18.0,86.0,39.0,93.68,1.9,9.0,57.0,1.45,cyclohexanone,3,ESE,cyclohexanone,Single office,Urban or forest,Continue,1.9,Sphere,18.0,1.45,23,Concrete,cubic meters,Hole,Liquid
4.0,0.0,23.0,84.0,43.0,33.54,9.7,7.9,93.0,0.99,cyclohexanone,3,NE,cyclohexanone,Double storied,open country,Continue,9.7,vertical,23.0,0.99,17,Concrete,cubic meters,pipe/valve,Liquid
5.0,4.0,20.0,81.0,51.0,32.66,5.1,2.3,43.0,1.98,cyclohexanone,3,NNE,cyclohexanone,Single office,open country,Continue,5.1,vertical,20.0,1.98,33,Concrete,cubic meters,pipe/valve,Liquid
5.0,7.0,25.0,84.0,59.0,88.23,5.6,2.0,15.0,1.63,cyclohexanone,3,NE,cyclohexanone,Single office,Urban or forest,Instantaneous,5.6,Sphere,25.0,1.63,73,Concrete,cubic meters,Hole,Liquid
5.0,9.0,19.0,84.0,10.0,94.74,1.6,7.0,16.0,2.74,cyclohexanone,3,ESE,cyclohexanone,Double storied,open country,Continue,1.6,vertical,19.0,2.74,66,Concrete,cubic meters,Hole,Liquid
4.0,9.0,20.0,80.0,17.0,31.3,3.3,3.7,64.0,2.13,cyclohexanone,3,ESE,cyclohexanone,Enclosed office,open country,Continue,3.3,vertical,20.0,2.13,64,Concrete,cubic meters,pipe/valve,Liquid
6.0,5.0,22.0,86.0,58.0,9.68,2.7,3.4,2.0,2.9,cyclohexanone,3,ENE,cyclohexanone,Enclosed office,open country,Continue,2.7,Sphere,22.0,2.9,73,Concrete,cubic meters,Hole,Liquid
5.0,4.0,28.0,79.0,29.0,15.06,6.2,5.0,19.0,2.2,cyclohexanone,3,ENE,cyclohexanone,Double storied,Urban or forest,Continue,6.2,Horizontal,28.0,2.2,46,Concrete,cubic meters,Hole,Liquid
4.0,6.0,28.0,85.0,23.0,85.36,6.9,9.5,70.0,2.41,cyclohexanone,3,NNE,cyclohexanone,Double storied,Urban or forest,Instantaneous,6.9,Sphere,28.0,2.41,26,Concrete,cubic meters,pipe/valve,Liquid
4.0,1.0,26.0,78.0,18.0,66.03,1.0,5.5,69.0,1.32,cyclohexanone,3,ENE,cyclohexanone,Enclosed office,open country,Continue,1.0,Sphere,26.0,1.32,70,Concrete,cubic meters,pipe/valve,Liquid
6.0,1.0,23.0,79.0,25.0,3.44,1.7,2.9,95.0,2.57,cyclohexanone,3,ESE,cyclohexanone,Double storied,open country,Instantaneous,1.7,Sphere,23.0,2.57,4,Concrete,cubic meters,pipe/valve,Liquid
4.0,7.0,24.0,83.0,46.0,56.37,4.6,2.4,2.0,2.77,cyclohexanone,3,ENE,cyclohexanone,Enclosed office,Urban or forest,Instantaneous,4.6,Horizontal,24.0,2.77,26,Concrete,cubic meters,pipe/valve,Liquid
5.0,3.0,29.0,87.0,7.0,14.15,8.1,0.7,59.0,2.86,cyclohexanone,3,ESE,cyclohexanone,Double storied,open country,Continue,8.1,vertical,29.0,2.86,47,Concrete,cubic meters,pipe/valve,Liquid
6.0,9.0,33.0,85.0,46.0,29.78,7.2,8.9,67.0,1.56,cyclohexanone,3,ESE,cyclohexanone,Single office,open country,Continue,7.2,Horizontal,33.0,1.56,45,Concrete,cubic meters,pipe/valve,Liquid
5.0,2.0,27.0,77.0,54.0,38.63,8.3,7.3,24.0,2.3,cyclohexanone,3,NE,cyclohexanone,Enclosed office,Urban or forest,Continue,8.3,Horizontal,27.0,2.3,75,Concrete,cubic meters,pipe/valve,Liquid
5.0,6.0,22.0,81.0,41.0,59.09,4.2,1.4,88.0,1.6,cyclohexanone,3,ESE,cyclohexanone,Enclosed office,open country,Continue,4.2,Sphere,22.0,1.6,54,Concrete,cubic meters,Hole,Liquid
4.0,3.0,31.0,87.0,32.0,69.6,7.3,3.2,24.0,1.09,cyclohexanone,3,ENE,cyclohexanone,Double storied,open country,Instantaneous,7.3,Sphere,31.0,1.09,74,Concrete,cubic meters,Hole,Liquid
3.0,7.0,24.0,81.0,36.0,93.61,8.4,7.2,66.0,1.29,cyclohexanone,3,NNE,cyclohexanone,Double storied,open country,Continue,8.4,vertical,24.0,1.29,1,Concrete,cubic meters,pipe/valve,Liquid
5.0,5.0,27.0,81.0,51.0,49.55,4.2,8.7,6.0,2.99,cyclohexanone,3,ESE,cyclohexanone,Enclosed office,open country,Instantaneous,4.2,vertical,27.0,2.99,42,Concrete,cubic meters,pipe/valve,Liquid
4.0,7.0,28.0,79.0,40.0,6.07,3.1,4.0,4.0,2.6,cyclohexanone,3,NNE,cyclohexanone,Double storied,open country,Instantaneous,3.1,vertical,28.0,2.6,16,Concrete,cubic meters,pipe/valve,Liquid
3.0,2.0,25.0,85.0,25.0,62.63,2.5,1.0,62.0,2.32,cyclohexanone,3,NE,cyclohexanone,Enclosed office,Urban or forest,Instantaneous,2.5,Sphere,25.0,2.32,71,Concrete,cubic meters,pipe/valve,Liquid
4.0,2.0,33.0,78.0,54.0,20.96,5.8,5.9,11.0,2.61,cyclohexanone,3,ENE,cyclohexanone,Double storied,Urban or forest,Instantaneous,5.8,Horizontal,33.0,2.61,1,Concrete,cubic meters,Hole,Liquid
3.0,1.0,32.0,81.0,27.0,77.72,3.9,7.0,68.0,2.34,cyclohexanone,3,ESE,cyclohexanone,Double storied,Urban or forest,Continue,3.9,vertical,32.0,2.34,4,Concrete,cubic meters,Hole,Liquid
4.0,6.0,25.0,79.0,37.0,10.04,3.7,6.6,46.0,1.73,cyclohexanone,3,NNE,cyclohexanone,Double storied,Urban or forest,Continue,3.7,vertical,25.0,1.73,16,Concrete,cubic meters,pipe/valve,Liquid
6.0,5.0,32.0,78.0,17.0,65.54,0.7,7.7,63.0,1.42,cyclohexanone,3,ENE,cyclohexanone,Single office,open country,Continue,0.7,vertical,32.0,1.42,30,Concrete,cubic meters,pipe/valve,Liquid
5.0,5.0,34.0,78.0,27.0,16.38,3.0,7.1,19.0,2.28,cyclohexanone,3,NNE,cyclohexanone,Enclosed office,open country,Instantaneous,3.0,Sphere,34.0,2.28,56,Concrete,cubic meters,pipe/valve,Liquid
6.0,9.0,30.0,87.0,59.0,10.84,3.8,2.7,63.0,1.46,cyclohexanone,3,ENE,cyclohexanone,Enclosed office,open country,Continue,3.8,Sphere,30.0,1.46,29,Concrete,cubic meters,pipe/valve,Liquid
4.0,4.0,24.0,79.0,39.0,88.7,2.2,4.5,96.0,1.08,cyclohexanone,3,NNE,cyclohexanone,Enclosed office,Urban or forest,Continue,2.2,Sphere,24.0,1.08,20,Concrete,cubic meters,pipe/valve,Liquid
3.0,9.0,28.0,79.0,55.0,96.09,2.3,2.5,11.0,1.15,cyclohexanone,3,ENE,cyclohexanone,Single office,open country,Instantaneous,2.3,Horizontal,28.0,1.15,41,Concrete,cubic meters,Hole,Liquid
6.0,8.0,21.0,80.0,45.0,92.15,6.3,1.0,86.0,2.71,cyclohexanone,3,NNE,cyclohexanone,Single office,open country,Instantaneous,6.3,vertical,21.0,2.71,72,Concrete,cubic meters,Hole,Liquid
5.0,3.0,30.0,78.0,3.0,58.96,7.8,1.4,43.0,2.54,cyclohexanone,3,NE,cyclohexanone,Enclosed office,Urban or forest,Instantaneous,7.8,Sphere,30.0,2.54,57,Concrete,cubic meters,pipe/valve,Liquid
4.0,1.0,25.0,83.0,18.0,52.85,4.6,7.9,81.0,1.69,cyclohexanone,3,ESE,cyclohexanone,Single office,open country,Continue,4.6,vertical,25.0,1.69,34,Concrete,cubic meters,Hole,Liquid
3.0,6.0,21.0,80.0,41.0,81.99,3.2,4.1,51.0,1.33,cyclohexanone,3,NNE,cyclohexanone,Single office,Urban or forest,Continue,3.2,vertical,21.0,1.33,20,Concrete,cubic meters,pipe/valve,Liquid
4.0,9.0,25.0,85.0,8.0,12.47,2.9,2.4,65.0,1.01,cyclohexanone,3,NNE,cyclohexanone,Enclosed office,open country,Instantaneous,2.9,Sphere,25.0,1.01,36,Concrete,cubic meters,Hole,Liquid
3.0,6.0,25.0,83.0,23.0,17.47,8.6,3.5,19.0,1.63,cyclohexanone,3,NNE,cyclohexanone,Enclosed office,Urban or forest,Continue,8.6,vertical,25.0,1.63,36,Concrete,cubic meters,pipe/valve,Liquid
3.0,4.0,28.0,87.0,57.0,82.93,7.6,0.5,8.0,2.03,cyclohexanone,3,ESE,cyclohexanone,Single office,open country,Instantaneous,7.6,Sphere,28.0,2.03,74,Concrete,cubic meters,Hole,Liquid
4.0,8.0,27.0,80.0,57.0,20.56,1.9,0.7,56.0,2.9,cyclohexanone,3,NNE,cyclohexanone,Double storied,Urban or forest,Instantaneous,1.9,Sphere,27.0,2.9,17,Concrete,cubic meters,pipe/valve,Liquid
3.0,5.0,34.0,83.0,9.0,83.2,3.1,1.2,49.0,1.61,cyclohexanone,3,ENE,cyclohexanone,Enclosed office,open country,Continue,3.1,Sphere,34.0,1.61,15,Concrete,cubic meters,pipe/valve,Liquid
5.0,2.0,26.0,82.0,8.0,89.54,5.7,2.7,79.0,1.3,cyclohexanone,3,ENE,cyclohexanone,Double storied,Urban or forest,Instantaneous,5.7,vertical,26.0,1.3,70,Concrete,cubic meters,Hole,Liquid
5.0,2.0,27.0,84.0,4.0,50.2,3.4,1.8,59.0,0.81,cyclohexanone,3,NE,cyclohexanone,Enclosed office,open country,Continue,3.4,Sphere,27.0,0.81,51,Concrete,cubic meters,Hole,Liquid
3.0,9.0,32.0,85.0,30.0,85.85,1.8,3.7,52.0,1.96,cyclohexanone,3,ENE,cyclohexanone,Double storied,open country,Instantaneous,1.8,Sphere,32.0,1.96,5,Concrete,cubic meters,Hole,Liquid
6.0,5.0,22.0,78.0,31.0,37.72,6.9,5.0,76.0,2.15,cyclohexanone,3,ENE,cyclohexanone,Enclosed office,Urban or forest,Instantaneous,6.9,Horizontal,22.0,2.15,73,Concrete,cubic meters,Hole,Liquid
5.0,1.0,24.0,80.0,5.0,98.37,9.7,6.3,23.0,2.37,cyclohexanone,3,NNE,cyclohexanone,Double storied,Urban or forest,Instantaneous,9.7,Sphere,24.0,2.37,0,Concrete,cubic meters,pipe/valve,Liquid
5.0,7.0,20.0,86.0,15.0,99.11,3.1,3.0,88.0,2.0,cyclohexanone,3,NE,cyclohexanone,Single office,open country,Instantaneous,3.1,vertical,20.0,2.0,31,Concrete,cubic meters,Hole,Liquid
4.0,8.0,22.0,82.0,48.0,67.11,4.8,6.7,46.0,1.35,cyclohexanone,3,NE,cyclohexanone,Single office,open country,Continue,4.8,vertical,22.0,1.35,14,Concrete,cubic meters,pipe/valve,Liquid
3.0,2.0,20.0,85.0,36.0,68.34,3.0,5.7,80.0,1.31,cyclohexanone,3,ENE,cyclohexanone,Double storied,open country,Instantaneous,3.0,vertical,20.0,1.31,71,Concrete,cubic meters,pipe/valve,Liquid
4.0,5.0,35.0,84.0,7.0,8.02,3.9,1.6,20.0,2.82,cyclohexanone,3,ENE,cyclohexanone,Single office,open country,Instantaneous,3.9,Sphere,35.0,2.82,47,Concrete,cubic meters,Hole,Liquid
6.0,0.0,26.0,83.0,8.0,30.85,9.4,9.6,12.0,2.95,cyclohexanone,3,NNE,cyclohexanone,Double storied,open country,Instantaneous,9.4,vertical,26.0,2.95,60,Concrete,cubic meters,Hole,Liquid
3.0,10.0,34.0,85.0,35.0,24.77,5.9,2.2,16.0,1.81,cyclohexanone,3,ENE,cyclohexanone,Single office,Urban or forest,Continue,5.9,Sphere,34.0,1.81,55,Concrete,cubic meters,pipe/valve,Liquid
6.0,5.0,22.0,78.0,57.0,34.54,1.9,8.6,97.0,2.94,cyclohexanone,3,ENE,cyclohexanone,Double storied,Urban or forest,Continue,1.9,Sphere,22.0,2.94,27,Concrete,cubic meters,Hole,Liquid
5.0,8.0,23.0,82.0,38.0,92.35,7.5,8.1,58.0,2.53,cyclohexanone,3,ENE,cyclohexanone,Double storied,open country,Continue,7.5,Horizontal,23.0,2.53,63,Concrete,cubic meters,pipe/valve,Liquid
4.0,9.0,26.0,86.0,26.0,21.47,4.5,4.9,74.0,2.99,cyclohexanone,3,NE,cyclohexanone,Single office,Urban or forest,Instantaneous,4.5,Sphere,26.0,2.99,12,Concrete,cubic meters,Hole,Liquid
5.0,8.0,25.0,79.0,43.0,27.39,0.6,0.9,36.0,2.59,cyclohexanone,3,ESE,cyclohexanone,Single office,open country,Instantaneous,0.6,vertical,25.0,2.59,66,Concrete,cubic meters,pipe/valve,Liquid
4.0,8.0,20.0,86.0,38.0,36.09,4.4,3.1,86.0,0.93,cyclohexanone,3,NNE,cyclohexanone,Single office,open country,Continue,4.4,vertical,20.0,0.93,43,Concrete,cubic meters,Hole,Liquid
5.0,9.0,28.0,78.0,14.0,82.42,0.7,3.9,7.0,2.39,cyclohexanone,3,ENE,cyclohexanone,Double storied,Urban or forest,Continue,0.7,Sphere,28.0,2.39,7,Concrete,cubic meters,pipe/valve,Liquid
5.0,8.0,29.0,85.0,44.0,25.82,3.5,7.3,59.0,2.3,cyclohexanone,3,NNE,cyclohexanone,Enclosed office,Urban or forest,Instantaneous,3.5,Horizontal,29.0,2.3,13,Concrete,cubic meters,Hole,Liquid
5.0,6.0,24.0,87.0,36.0,53.88,8.4,9.3,42.0,1.24,cyclohexanone,3,ESE,cyclohexanone,Double storied,open country,Continue,8.4,vertical,24.0,1.24,0,Concrete,cubic meters,Hole,Liquid
6.0,7.0,29.0,85.0,1.0,67.35,1.8,0.6,24.0,1.73,cyclohexanone,3,ENE,cyclohexanone,Enclosed office,open country,Instantaneous,1.8,Sphere,29.0,1.73,50,Concrete,cubic meters,pipe/valve,Liquid
4.0,4.0,22.0,86.0,26.0,85.24,7.3,2.8,31.0,0.79,cyclohexanone,3,ENE,cyclohexanone,Double storied,Urban or forest,Instantaneous,7.3,Sphere,22.0,0.79,43,Concrete,cubic meters,Hole,Liquid
6.0,4.0,18.0,80.0,2.0,12.18,9.2,8.2,48.0,2.77,cyclohexanone,3,ENE,cyclohexanone,Single office,Urban or forest,Instantaneous,9.2,vertical,18.0,2.77,48,Concrete,cubic meters,Hole,Liquid
5.0,6.0,26.0,87.0,28.0,12.79,2.0,4.4,75.0,0.89,cyclohexanone,3,ENE,cyclohexanone,Single office,Urban or forest,Instantaneous,2.0,Horizontal,26.0,0.89,15,Concrete,cubic meters,Hole,Liquid
5.0,7.0,29.0,82.0,51.0,80.96,6.6,7.1,92.0,1.09,cyclohexanone,3,ESE,cyclohexanone,Single office,open country,Instantaneous,6.6,Horizontal,29.0,1.09,47,Concrete,cubic meters,Hole,Liquid
5.0,4.0,29.0,79.0,11.0,84.0,8.0,3.8,14.0,2.49,cyclohexanone,3,NNE,cyclohexanone,Single office,Urban or forest,Continue,8.0,vertical,29.0,2.49,68,Concrete,cubic meters,Hole,Liquid
5.0,1.0,26.0,82.0,24.0,71.34,2.8,3.7,40.0,1.23,cyclohexanone,3,ESE,cyclohexanone,Double storied,open country,Instantaneous,2.8,vertical,26.0,1.23,17,Concrete,cubic meters,pipe/valve,Liquid
6.0,1.0,34.0,86.0,28.0,57.38,6.2,7.8,13.0,1.59,cyclohexanone,3,NNE,cyclohexanone,Double storied,open country,Continue,6.2,Sphere,34.0,1.59,5,Concrete,cubic meters,Hole,Liquid
4.0,7.0,30.0,81.0,32.0,29.05,2.9,5.7,29.0,2.24,cyclohexanone,3,NE,cyclohexanone,Double storied,Urban or forest,Instantaneous,2.9,vertical,30.0,2.24,61,Concrete,cubic meters,pipe/valve,Liquid
5.0,9.0,31.0,83.0,34.0,18.88,7.6,9.8,7.0,0.77,cyclohexanone,3,ESE,cyclohexanone,Double storied,Urban or forest,Continue,7.6,Horizontal,31.0,0.77,69,Concrete,cubic meters,Hole,Liquid
6.0,5.0,25.0,78.0,13.0,72.4,9.9,2.7,83.0,1.92,cyclohexanone,3,NE,cyclohexanone,Enclosed office,Urban or forest,Continue,9.9,Sphere,25.0,1.92,10,Concrete,cubic meters,pipe/valve,Liquid
6.0,3.0,22.0,79.0,14.0,13.16,2.5,1.3,47.0,1.36,cyclohexanone,3,ESE,cyclohexanone,Enclosed office,Urban or forest,Instantaneous,2.5,Sphere,22.0,1.36,47,Concrete,cubic meters,Hole,Liquid
5.0,4.0,29.0,85.0,41.0,78.59,5.2,3.8,27.0,2.83,cyclohexanone,3,ESE,cyclohexanone,Enclosed office,Urban or forest,Continue,5.2,Horizontal,29.0,2.83,20,Concrete,cubic meters,Hole,Liquid
6.0,1.0,23.0,87.0,52.0,36.53,2.0,3.2,75.0,0.86,cyclohexanone,3,NE,cyclohexanone,Enclosed office,open country,Instantaneous,2.0,vertical,23.0,0.86,37,Concrete,cubic meters,Hole,Liquid
4.0,5.0,23.0,80.0,21.0,81.1,8.9,2.5,94.0,2.25,cyclohexanone,3,NNE,cyclohexanone,Double storied,Urban or forest,Instantaneous,8.9,vertical,23.0,2.25,49,Concrete,cubic meters,pipe/valve,Liquid
3.0,9.0,20.0,81.0,6.0,33.95,5.1,1.7,75.0,0.96,cyclohexanone,3,ENE,cyclohexanone,Enclosed office,open country,Continue,5.1,vertical,20.0,0.96,21,Concrete,cubic meters,pipe/valve,Liquid
5.0,1.0,32.0,84.0,45.0,75.89,8.0,6.4,72.0,1.68,cyclohexanone,3,ESE,cyclohexanone,Single office,open country,Instantaneous,8.0,Horizontal,32.0,1.68,19,Concrete,cubic meters,Hole,Liquid
3.0,9.0,30.0,80.0,35.0,26.5,1.1,7.3,96.0,2.78,cyclohexanone,3,NNE,cyclohexanone,Double storied,open country,Instantaneous,1.1,Sphere,30.0,2.78,51,Concrete,cubic meters,pipe/valve,Liquid
4.0,0.0,19.0,83.0,27.0,6.48,9.6,1.8,0.0,2.75,cyclohexanone,3,NE,cyclohexanone,Double storied,open country,Instantaneous,9.6,Sphere,19.0,2.75,26,Concrete,cubic meters,Hole,Liquid
4.0,8.0,22.0,82.0,3.0,35.2,5.9,0.5,55.0,0.82,cyclohexanone,3,ESE,cyclohexanone,Double storied,open country,Continue,5.9,Horizontal,22.0,0.82,34,Concrete,cubic meters,pipe/valve,Liquid
3.0,1.0,23.0,83.0,50.0,60.05,7.0,4.8,83.0,2.34,cyclohexanone,3,ENE,cyclohexanone,Single office,Urban or forest,Continue,7.0,vertical,23.0,2.34,64,Concrete,cubic meters,Hole,Liquid
3.0,9.0,30.0,86.0,14.0,48.18,4.6,1.5,97.0,1.03,cyclohexanone,3,ENE,cyclohexanone,Single office,Urban or forest,Instantaneous,4.6,vertical,30.0,1.03,4,Concrete,cubic meters,Hole,Liquid
3.0,1.0,29.0,87.0,33.0,10.46,1.9,4.3,11.0,2.63,cyclohexanone,3,ENE,cyclohexanone,Double storied,Urban or forest,Instantaneous,1.9,vertical,29.0,2.63,6,Concrete,cubic meters,Hole,Liquid
4.0,2.0,32.0,85.0,53.0,49.06,9.2,5.3,70.0,2.21,cyclohexanone,3,ESE,cyclohexanone,Enclosed office,Urban or forest,Instantaneous,9.2,Horizontal,32.0,2.21,31,Concrete,cubic meters,Hole,Liquid
5.0,6.0,31.0,86.0,11.0,59.78,5.6,1.9,53.0,0.9,cyclohexanone,3,NE,cyclohexanone,Double storied,open country,Instantaneous,5.6,Horizontal,31.0,0.9,28,Concrete,cubic meters,pipe/valve,Liquid
4.0,8.0,28.0,80.0,6.0,21.06,4.4,6.9,92.0,1.47,cyclohexanone,3,ESE,cyclohexanone,Double storied,Urban or forest,Continue,4.4,Horizontal,28.0,1.47,42,Concrete,cubic meters,pipe/valve,Liquid
4.0,3.0,22.0,84.0,41.0,1.93,7.5,8.8,35.0,0.98,cyclohexanone,3,NE,cyclohexanone,Double storied,open country,Continue,7.5,Sphere,22.0,0.98,6,Concrete,cubic meters,Hole,Liquid
5.0,10.0,27.0,79.0,48.0,53.41,1.6,6.8,5.0,2.05,cyclohexanone,3,NNE,cyclohexanone,Enclosed office,open country,Instantaneous,1.6,Sphere,27.0,2.05,13,Concrete,cubic meters,Hole,Liquid
4.0,7.0,24.0,84.0,32.0,41.29,8.5,4.6,65.0,1.69,cyclohexanone,3,ENE,cyclohexanone,Single office,Urban or forest,Continue,8.5,Horizontal,24.0,1.69,60,Concrete,cubic meters,pipe/valve,Liquid
6.0,3.0,31.0,82.0,29.0,56.24,8.6,6.1,85.0,2.27,cyclohexanone,3,NNE,cyclohexanone,Single office,open country,Continue,8.6,Horizontal,31.0,2.27,45,Concrete,cubic meters,Hole,Liquid
3.0,7.0,26.0,77.0,22.0,7.22,4.8,3.6,20.0,2.88,cyclohexanone,3,ENE,cyclohexanone,Single office,Urban or forest,Continue,4.8,Horizontal,26.0,2.88,50,Concrete,cubic meters,pipe/valve,Liquid
5.0,9.0,20.0,77.0,47.0,55.26,5.4,8.4,36.0,1.01,cyclohexanone,3,NE,cyclohexanone,Single office,Urban or forest,Continue,5.4,Sphere,20.0,1.01,19,Concrete,cubic meters,pipe/valve,Liquid
5.0,0.0,31.0,85.0,57.0,65.17,9.4,4.4,72.0,0.96,cyclohexanone,3,NE,cyclohexanone,Enclosed office,open country,Continue,9.4,vertical,31.0,0.96,7,Concrete,cubic meters,pipe/valve,Liquid
6.0,3.0,20.0,80.0,16.0,60.42,7.1,9.8,23.0,1.99,cyclohexanone,3,ESE,cyclohexanone,Enclosed office,open country,Continue,7.1,Sphere,20.0,1.99,27,Concrete,cubic meters,pipe/valve,Liquid
4.0,10.0,21.0,79.0,9.0,47.22,9.5,8.0,25.0,1.48,cyclohexanone,3,NNE,cyclohexanone,Double storied,open country,Continue,9.5,vertical,21.0,1.48,7,Concrete,cubic meters,Hole,Liquid
4.0,3.0,27.0,82.0,22.0,97.55,9.2,2.0,67.0,2.68,cyclohexanone,3,ESE,cyclohexanone,Single office,Urban or forest,Continue,9.2,vertical,27.0,2.68,50,Concrete,cubic meters,pipe/valve,Liquid
3.0,10.0,20.0,84.0,53.0,96.66,7.8,5.6,53.0,2.84,cyclohexanone,3,ESE,cyclohexanone,Enclosed office,Urban or forest,Continue,7.8,vertical,20.0,2.84,59,Concrete,cubic meters,Hole,Liquid
3.0,8.0,22.0,85.0,40.0,26.85,4.3,4.7,49.0,2.08,cyclohexanone,3,ENE,cyclohexanone,Double storied,Urban or forest,Instantaneous,4.3,Sphere,22.0,2.08,33,Concrete,cubic meters,pipe/valve,Liquid
3.0,0.0,20.0,77.0,6.0,34.2,2.9,6.9,26.0,2.72,cyclohexanone,3,NNE,cyclohexanone,Enclosed office,Urban or forest,Instantaneous,2.9,Horizontal,20.0,2.72,21,Concrete,cubic meters,Hole,Liquid
5.0,7.0,31.0,82.0,53.0,42.17,8.3,4.5,30.0,2.38,cyclohexanone,3,NNE,cyclohexanone,Single office,open country,Continue,8.3,Horizontal,31.0,2.38,16,Concrete,cubic meters,Hole,Liquid
5.0,4.0,25.0,85.0,2.0,43.75,4.1,2.8,61.0,1.79,cyclohexanone,3,NNE,cyclohexanone,Enclosed office,Urban or forest,Continue,4.1,Horizontal,25.0,1.79,13,Concrete,cubic meters,Hole,Liquid
5.0,6.0,24.0,79.0,42.0,39.69,9.9,9.9,90.0,2.8,cyclohexanone,3,NNE,cyclohexanone,Enclosed office,open country,Instantaneous,9.9,Sphere,24.0,2.8,30,Concrete,cubic meters,pipe/valve,Liquid
5.0,5.0,32.0,84.0,55.0,23.97,7.5,3.9,60.0,1.37,cyclohexanone,3,ESE,cyclohexanone,Single office,Urban or forest,Continue,7.5,Horizontal,32.0,1.37,26,Concrete,cubic meters,Hole,Liquid
5.0,6.0,34.0,86.0,11.0,94.41,2.4,5.0,62.0,1.93,cyclohexanone,3,NE,cyclohexanone,Single office,Urban or forest,Continue,2.4,vertical,34.0,1.93,49,Concrete,cubic meters,Hole,Liquid
3.0,2.0,21.0,84.0,43.0,49.98,7.8,9.4,32.0,1.72,cyclohexanone,3,ENE,cyclohexanone,Single office,Urban or forest,Continue,7.8,Sphere,21.0,1.72,44,Concrete,cubic meters,pipe/valve,Liquid
4.0,1.0,25.0,79.0,25.0,60.91,0.9,1.3,25.0,2.74,cyclohexanone,3,ENE,cyclohexanone,Double storied,Urban or forest,Continue,0.9,vertical,25.0,2.74,49,Concrete,cubic meters,Hole,Liquid
5.0,9.0,20.0,78.0,23.0,70.85,7.6,7.4,50.0,1.62,cyclohexanone,3,ESE,cyclohexanone,Double storied,Urban or forest,Instantaneous,7.6,vertical,20.0,1.62,68,Concrete,cubic meters,Hole,Liquid
5.0,7.0,25.0,81.0,10.0,87.7,3.4,9.1,17.0,2.07,cyclohexanone,3,NNE,cyclohexanone,Double storied,open country,Continue,3.4,Horizontal,25.0,2.07,14,Concrete,cubic meters,pipe/valve,Liquid
3.0,10.0,20.0,81.0,29.0,43.5,7.7,5.8,42.0,2.55,cyclohexanone,3,ESE,cyclohexanone,Double storied,Urban or forest,Instantaneous,7.7,Horizontal,20.0,2.55,39,Concrete,cubic meters,pipe/valve,Liquid
4.0,3.0,32.0,80.0,24.0,79.29,4.3,5.6,30.0,0.88,cyclohexanone,3,NNE,cyclohexanone,Double storied,open country,Instantaneous,4.3,Sphere,32.0,0.88,74,Concrete,cubic meters,Hole,Liquid
5.0,7.0,32.0,82.0,50.0,68.88,9.3,6.8,93.0,2.41,cyclohexanone,3,ENE,cyclohexanone,Enclosed office,open country,Continue,9.3,vertical,32.0,2.41,0,Concrete,cubic meters,Hole,Liquid
4.0,4.0,32.0,83.0,60.0,4.76,7.1,2.8,77.0,1.21,cyclohexanone,3,NE,cyclohexanone,Double storied,open country,Instantaneous,7.1,Sphere,32.0,1.21,49,Concrete,cubic meters,pipe/valve,Liquid
4.0,7.0,24.0,82.0,44.0,28.15,4.7,0.6,82.0,1.57,cyclohexanone,3,NNE,cyclohexanone,Double storied,Urban or forest,Instantaneous,4.7,Horizontal,24.0,1.57,70,Concrete,cubic meters,pipe/valve,Liquid
5.0,10.0,18.0,84.0,56.0,4.44,3.8,8.2,22.0,1.84,cyclohexanone,3,NE,cyclohexanone,Single office,Urban or forest,Instantaneous,3.8,vertical,18.0,1.84,70,Concrete,cubic meters,Hole,Liquid
4.0,2.0,29.0,80.0,19.0,69.84,4.5,4.6,84.0,1.94,cyclohexanone,3,ESE,cyclohexanone,Single office,Urban or forest,Instantaneous,4.5,vertical,29.0,1.94,43,Concrete,cubic meters,pipe/valve,Liquid
3.0,1.0,35.0,78.0,19.0,45.32,1.2,1.5,26.0,1.06,cyclohexanone,3,ESE,cyclohexanone,Single office,Urban or forest,Continue,1.2,Horizontal,35.0,1.06,47,Concrete,cubic meters,Hole,Liquid
6.0,6.0,30.0,79.0,50.0,61.58,6.8,10.0,10.0,1.66,cyclohexanone,3,NE,cyclohexanone,Double storied,Urban or forest,Instantaneous,6.8,Horizontal,30.0,1.66,55,Concrete,cubic meters,Hole,Liquid
4.0,0.0,19.0,84.0,27.0,16.89,4.2,6.4,77.0,2.25,cyclohexanone,3,NE,cyclohexanone,Enclosed office,Urban or forest,Continue,4.2,Sphere,19.0,2.25,9,Concrete,cubic meters,pipe/valve,Liquid
3.0,2.0,27.0,79.0,15.0,61.31,8.6,9.3,21.0,1.86,cyclohexanone,3,ENE,cyclohexanone,Single office,Urban or forest,Continue,8.6,Sphere,27.0,1.86,63,Concrete,cubic meters,pipe/valve,Liquid
5.0,7.0,22.0,83.0,39.0,57.71,5.8,8.6,48.0,1.71,cyclohexanone,3,ENE,cyclohexanone,Enclosed office,open country,Instantaneous,5.8,Horizontal,22.0,1.71,9,Concrete,cubic meters,Hole,Liquid
5.0,5.0,35.0,78.0,2.0,2.88,3.6,7.5,93.0,2.11,cyclohexanone,3,NNE,cyclohexanone,Double storied,Urban or forest,Instantaneous,3.6,Sphere,35.0,2.11,46,Concrete,cubic meters,pipe/valve,Liquid
4.0,7.0,32.0,86.0,31.0,63.74,3.4,7.0,0.0,0.83,cyclohexanone,3,NNE,cyclohexanone,Enclosed office,Urban or forest,Continue,3.4,Sphere,32.0,0.83,15,Concrete,cubic meters,Hole,Liquid
4.0,9.0,24.0,84.0,32.0,86.27,1.4,6.6,16.0,0.92,cyclohexanone,3,NNE,cyclohexanone,Double storied,Urban or forest,Continue,1.4,vertical,24.0,0.92,13,Concrete,cubic meters,pipe/valve,Liquid
4.0,4.0,19.0,77.0,10.0,17.02,5.5,6.0,65.0,2.62,cyclohexanone,3,NE,cyclohexanone,Single office,open country,Instantaneous,5.5,Horizontal,19.0,2.62,72,Concrete,cubic meters,Hole,Liquid
4.0,8.0,18.0,87.0,42.0,15.57,1.3,8.0,37.0,1.56,cyclohexanone,3,NNE,cyclohexanone,Enclosed office,open country,Instantaneous,1.3,Sphere,18.0,1.56,45,Concrete,cubic meters,pipe/valve,Liquid
4.0,8.0,35.0,85.0,15.0,71.91,0.5,4.5,13.0,1.88,cyclohexanone,3,NNE,cyclohexanone,Single office,Urban or forest,Instantaneous,0.5,Sphere,35.0,1.88,13,Concrete,cubic meters,Hole,Liquid
5.0,9.0,31.0,81.0,35.0,27.07,6.1,1.0,82.0,1.58,cyclohexanone,3,ENE,cyclohexanone,Single office,open country,Instantaneous,6.1,Horizontal,31.0,1.58,33,Concrete,cubic meters,Hole,Liquid
5.0,6.0,20.0,80.0,47.0,87.44,1.7,7.5,10.0,2.19,cyclohexanone,3,ENE,cyclohexanone,Double storied,Urban or forest,Instantaneous,1.7,Sphere,20.0,2.19,63,Concrete,cubic meters,Hole,Liquid
5.0,1.0,21.0,83.0,30.0,92.99,8.7,5.8,57.0,1.27,cyclohexanone,3,NNE,cyclohexanone,Enclosed office,open country,Instantaneous,8.7,vertical,21.0,1.27,70,Concrete,cubic meters,pipe/valve,Liquid
4.0,5.0,28.0,77.0,17.0,78.89,6.2,5.5,43.0,1.87,cyclohexanone,3,ESE,cyclohexanone,Enclosed office,open country,Instantaneous,6.2,vertical,28.0,1.87,60,Concrete,cubic meters,Hole,Liquid
3.0,7.0,31.0,83.0,38.0,81.65,9.9,1.6,71.0,0.8,cyclohexanone,3,NE,cyclohexanone,Enclosed office,open country,Continue,9.9,vertical,31.0,0.8,50,Concrete,cubic meters,pipe/valve,Liquid
3.0,7.0,26.0,86.0,24.0,36.98,7.4,3.6,87.0,1.58,cyclohexanone,3,ESE,cyclohexanone,Double storied,open country,Instantaneous,7.4,Horizontal,26.0,1.58,69,Concrete,cubic meters,pipe/valve,Liquid
3.0,9.0,34.0,79.0,59.0,20.0,6.6,2.6,21.0,1.34,cyclohexanone,3,ESE,cyclohexanone,Single office,open country,Instantaneous,6.6,Horizontal,34.0,1.34,20,Concrete,cubic meters,pipe/valve,Liquid
3.0,1.0,34.0,81.0,18.0,98.19,6.0,2.5,51.0,1.25,cyclohexanone,3,NE,cyclohexanone,Single office,open country,Instantaneous,6.0,Horizontal,34.0,1.25,55,Concrete,cubic meters,Hole,Liquid
4.0,5.0,34.0,85.0,47.0,0.83,5.3,6.5,85.0,1.52,cyclohexanone,3,NNE,cyclohexanone,Enclosed office,Urban or forest,Instantaneous,5.3,vertical,34.0,1.52,65,Concrete,cubic meters,pipe/valve,Liquid
4.0,2.0,18.0,78.0,55.0,5.82,2.6,6.5,44.0,1.11,cyclohexanone,3,ENE,cyclohexanone,Enclosed office,open country,Continue,2.6,Sphere,18.0,1.11,28,Concrete,cubic meters,Hole,Liquid
6.0,2.0,26.0,80.0,30.0,2.12,8.9,9.7,85.0,1.76,cyclohexanone,3,ENE,cyclohexanone,Double storied,open country,Instantaneous,8.9,Sphere,26.0,1.76,13,Concrete,cubic meters,pipe/valve,Liquid
6.0,4.0,32.0,80.0,24.0,44.03,4.3,5.2,48.0,2.72,cyclohexanone,3,NNE,cyclohexanone,Double storied,open country,Continue,4.3,Horizontal,32.0,2.72,23,Concrete,cubic meters,pipe/valve,Liquid
4.0,2.0,19.0,82.0,56.0,83.51,6.5,4.2,40.0,2.87,cyclohexanone,3,NNE,cyclohexanone,Double storied,open country,Instantaneous,6.5,Sphere,19.0,2.87,66,Concrete,cubic meters,pipe/valve,Liquid
4.0,8.0,30.0,83.0,33.0,63.07,6.5,6.0,55.0,2.45,cyclohexanone,3,ENE,cyclohexanone,Enclosed office,open country,Continue,6.5,Horizontal,30.0,2.45,43,Concrete,cubic meters,Hole,Liquid
4.0,6.0,30.0,80.0,52.0,74.76,6.2,2.4,69.0,1.44,cyclohexanone,3,NNE,cyclohexanone,Double storied,open country,Continue,6.2,Horizontal,30.0,1.44,39,Concrete,cubic meters,Hole,Liquid
5.0,10.0,30.0,84.0,24.0,54.09,5.2,9.9,32.0,1.23,cyclohexanone,3,NNE,cyclohexanone,Enclosed office,Urban or forest,Instantaneous,5.2,Horizontal,30.0,1.23,26,Concrete,cubic meters,Hole,Liquid
3.0,2.0,21.0,77.0,32.0,70.38,3.5,6.2,78.0,0.97,cyclohexanone,3,ENE,cyclohexanone,Enclosed office,open country,Continue,3.5,Sphere,21.0,0.97,4,Concrete,cubic meters,Hole,Liquid
3.0,1.0,27.0,82.0,11.0,56.86,4.7,2.9,10.0,0.76,cyclohexanone,3,ESE,cyclohexanone,Double storied,Urban or forest,Instantaneous,4.7,Sphere,27.0,0.76,4,Concrete,cubic meters,Hole,Liquid
4.0,3.0,18.0,85.0,28.0,11.16,9.8,4.1,44.0,2.56,cyclohexanone,3,NNE,cyclohexanone,Double storied,Urban or forest,Instantaneous,9.8,Sphere,18.0,2.56,24,Concrete,cubic meters,Hole,Liquid
4.0,4.0,22.0,80.0,2.0,35.45,3.9,5.2,17.0,1.47,cyclohexanone,3,NNE,cyclohexanone,Enclosed office,open country,Instantaneous,3.9,Sphere,22.0,1.47,3,Concrete,cubic meters,Hole,Liquid
4.0,1.0,28.0,86.0,42.0,54.81,8.7,8.5,82.0,0.88,cyclohexanone,3,ESE,cyclohexanone,Enclosed office,open country,Instantaneous,8.7,vertical,28.0,0.88,27,Concrete,cubic meters,pipe/valve,Liquid
3.0,9.0,27.0,86.0,30.0,30.17,3.6,2.5,91.0,2.61,cyclohexanone,3,ENE,cyclohexanone,Single office,Urban or forest,Continue,3.6,Sphere,27.0,2.61,31,Concrete,cubic meters,Hole,Liquid
3.0,9.0,22.0,85.0,35.0,8.59,8.5,7.6,76.0,1.18,cyclohexanone,3,NE,cyclohexanone,Single office,Urban or forest,Instantaneous,8.5,vertical,22.0,1.18,6,Concrete,cubic meters,pipe/valve,Liquid
5.0,6.0,25.0,84.0,3.0,76.75,1.0,9.6,14.0,2.44,cyclohexanone,3,NE,cyclohexanone,Double storied,open country,Instantaneous,1.0,Horizontal,25.0,2.44,51,Concrete,cubic meters,pipe/valve,Liquid
5.0,8.0,30.0,81.0,36.0,22.08,7.4,3.2,3.0,0.86,cyclohexanone,3,ENE,cyclohexanone,Double storied,open country,Continue,7.4,Sphere,30.0,0.86,23,Concrete,cubic meters,pipe/valve,Liquid
5.0,6.0,23.0,78.0,5.0,52.53,6.5,8.7,12.0,1.65,cyclohexanone,3,ESE,cyclohexanone,Enclosed office,Urban or forest,Instantaneous,6.5,vertical,23.0,1.65,71,Concrete,cubic meters,Hole,Liquid
4.0,8.0,23.0,79.0,60.0,7.97,3.3,6.3,57.0,1.2,cyclohexanone,3,NE,cyclohexanone,Enclosed office,Urban or forest,Instantaneous,3.3,Sphere,23.0,1.2,61,Concrete,cubic meters,pipe/valve,Liquid
6.0,1.0,24.0,82.0,6.0,9.55,8.8,8.0,48.0,2.42,cyclohexanone,3,ESE,cyclohexanone,Single office,open country,Continue,8.8,vertical,24.0,2.42,58,Concrete,cubic meters,pipe/valve,Liquid
4.0,6.0,30.0,80.0,40.0,37.02,5.7,2.0,8.0,1.11,cyclohexanone,3,NNE,cyclohexanone,Enclosed office,Urban or forest,Instantaneous,5.7,vertical,30.0,1.11,44,Concrete,cubic meters,Hole,Liquid
5.0,2.0,34.0,84.0,33.0,69.33,7.7,4.9,98.0,1.51,cyclohexanone,3,ENE,cyclohexanone,Double storied,Urban or forest,Instantaneous,7.7,Horizontal,34.0,1.51,0,Concrete,cubic meters,pipe/valve,Liquid
3.0,10.0,33.0,78.0,45.0,44.67,8.2,8.6,76.0,2.94,cyclohexanone,3,ENE,cyclohexanone,Single office,open country,Continue,8.2,vertical,33.0,2.94,28,Concrete,cubic meters,Hole,Liquid
6.0,7.0,20.0,81.0,23.0,7.52,7.4,1.1,12.0,1.35,cyclohexanone,3,ENE,cyclohexanone,Enclosed office,Urban or forest,Instantaneous,7.4,Sphere,20.0,1.35,75,Concrete,cubic meters,Hole,Liquid
6.0,8.0,19.0,85.0,14.0,39.57,4.3,5.5,3.0,1.43,cyclohexanone,3,NE,cyclohexanone,Double storied,open country,Instantaneous,4.3,Sphere,19.0,1.43,61,Concrete,cubic meters,pipe/valve,Liquid
5.0,0.0,29.0,81.0,41.0,51.04,2.1,0.8,32.0,1.92,cyclohexanone,3,NNE,cyclohexanone,Double storied,open country,Continue,2.1,vertical,29.0,1.92,60,Concrete,cubic meters,Hole,Liquid
4.0,10.0,30.0,84.0,32.0,39.22,7.3,5.1,1.0,0.95,cyclohexanone,3,NNE,cyclohexanone,Enclosed office,open country,Continue,7.3,Sphere,30.0,0.95,60,Concrete,cubic meters,Hole,Liquid
4.0,8.0,23.0,85.0,10.0,25.5,6.0,6.5,18.0,2.68,cyclohexanone,3,NNE,cyclohexanone,Single office,Urban or forest,Continue,6.0,Sphere,23.0,2.68,9,Concrete,cubic meters,pipe/valve,Liquid
4.0,3.0,24.0,82.0,38.0,73.06,1.2,5.5,18.0,2.93,cyclohexanone,3,ESE,cyclohexanone,Double storied,Urban or forest,Instantaneous,1.2,vertical,24.0,2.93,13,Concrete,cubic meters,Hole,Liquid
6.0,6.0,23.0,78.0,47.0,5.02,3.6,0.7,61.0,2.85,cyclohexanone,3,ENE,cyclohexanone,Double storied,Urban or forest,Continue,3.6,vertical,23.0,2.85,38,Concrete,cubic meters,pipe/valve,Liquid
4.0,2.0,28.0,78.0,22.0,40.68,9.6,8.8,93.0,1.75,cyclohexanone,3,ESE,cyclohexanone,Double storied,open country,Continue,9.6,Horizontal,28.0,1.75,46,Concrete,cubic meters,Hole,Liquid
5.0,6.0,34.0,84.0,25.0,94.23,7.2,7.5,33.0,2.76,cyclohexanone,3,ESE,cyclohexanone,Double storied,open country,Continue,7.2,Horizontal,34.0,2.76,18,Concrete,cubic meters,Hole,Liquid
5.0,7.0,33.0,85.0,58.0,47.85,5.9,8.9,87.0,0.85,cyclohexanone,3,ENE,cyclohexanone,Double storied,Urban or forest,Instantaneous,5.9,vertical,33.0,0.85,59,Concrete,cubic meters,pipe/valve,Liquid
6.0,9.0,35.0,82.0,3.0,48.54,9.1,4.2,5.0,1.03,cyclohexanone,3,ESE,cyclohexanone,Single office,Urban or forest,Continue,9.1,Horizontal,35.0,1.03,53,Concrete,cubic meters,pipe/valve,Liquid
6.0,0.0,31.0,81.0,13.0,2.48,10.0,4.7,5.0,1.37,cyclohexanone,3,ENE,cyclohexanone,Single office,open country,Instantaneous,10.0,Sphere,31.0,1.37,53,Concrete,cubic meters,Hole,Liquid
5.0,2.0,22.0,86.0,28.0,28.84,6.7,8.5,41.0,1.14,cyclohexanone,3,ESE,cyclohexanone,Enclosed office,open country,Instantaneous,6.7,Sphere,22.0,1.14,37,Concrete,cubic meters,Hole,Liquid
5.0,1.0,33.0,80.0,48.0,84.59,6.6,4.9,89.0,2.1,cyclohexanone,3,ESE,cyclohexanone,Double storied,Urban or forest,Continue,6.6,Sphere,33.0,2.1,30,Concrete,cubic meters,pipe/valve,Liquid
3.0,7.0,33.0,82.0,37.0,63.62,0.9,9.0,70.0,2.98,cyclohexanone,3,NNE,cyclohexanone,Enclosed office,Urban or forest,Instantaneous,0.9,vertical,33.0,2.98,66,Concrete,cubic meters,Hole,Liquid
4.0,4.0,34.0,82.0,59.0,18.6,9.1,8.8,56.0,2.81,cyclohexanone,3,NNE,cyclohexanone,Single office,open country,Continue,9.1,Horizontal,34.0,2.81,70,Concrete,cubic meters,Hole,Liquid
5.0,1.0,29.0,79.0,50.0,11.54,5.6,3.3,60.0,1.13,cyclohexanone,3,NE,cyclohexanone,Single office,Urban or forest,Instantaneous,5.6,vertical,29.0,1.13,1,Concrete,cubic meters,Hole,Liquid
3.0,6.0,30.0,83.0,17.0,79.37,8.4,8.1,34.0,1.8,cyclohexanone,3,NNE,cyclohexanone,Double storied,Urban or forest,Continue,8.4,Horizontal,30.0,1.8,68,Concrete,cubic meters,pipe/valve,Liquid
5.0,1.0,26.0,80.0,27.0,19.87,1.3,4.8,54.0,2.18,cyclohexanone,3,NE,cyclohexanone,Single office,open country,Instantaneous,1.3,vertical,26.0,2.18,14,Concrete,cubic meters,pipe/valve,Liquid
5.0,4.0,34.0,80.0,44.0,89.09,1.6,4.2,82.0,1.49,cyclohexanone,3,NNE,cyclohexanone,Enclosed office,Urban or forest,Instantaneous,1.6,Horizontal,34.0,1.49,54,Concrete,cubic meters,pipe/valve,Liquid
6.0,6.0,19.0,83.0,31.0,3.85,6.6,4.3,27.0,2.69,cyclohexanone,3,ENE,cyclohexanone,Single office,open country,Instantaneous,6.6,Sphere,19.0,2.69,73,Concrete,cubic meters,Hole,Liquid
6.0,4.0,18.0,84.0,12.0,31.77,1.2,1.8,28.0,1.82,cyclohexanone,3,NE,cyclohexanone,Enclosed office,Urban or forest,Continue,1.2,Sphere,18.0,1.82,6,Concrete,cubic meters,pipe/valve,Liquid
4.0,9.0,26.0,86.0,9.0,74.59,5.1,5.2,73.0,1.78,cyclohexanone,3,NE,cyclohexanone,Enclosed office,Urban or forest,Continue,5.1,Horizontal,26.0,1.78,26,Concrete,cubic meters,Hole,Liquid
6.0,6.0,26.0,87.0,50.0,37.39,6.0,2.2,56.0,1.83,cyclohexanone,3,ENE,cyclohexanone,Enclosed office,Urban or forest,Instantaneous,6.0,Horizontal,26.0,1.83,20,Concrete,cubic meters,Hole,Liquid
6.0,3.0,26.0,86.0,34.0,30.53,9.3,3.3,35.0,0.94,cyclohexanone,3,ESE,cyclohexanone,Enclosed office,Urban or forest,Continue,9.3,Horizontal,26.0,0.94,19,Concrete,cubic meters,pipe/valve,Liquid
4.0,1.0,30.0,83.0,54.0,95.36,2.3,9.4,27.0,1.54,cyclohexanone,3,NNE,cyclohexanone,Double storied,open country,Continue,2.3,vertical,30.0,1.54,12,Concrete,cubic meters,pipe/valve,Liquid
4.0,8.0,26.0,83.0,58.0,54.53,9.4,9.7,22.0,1.67,cyclohexanone,3,ENE,cyclohexanone,Enclosed office,Urban or forest,Continue,9.4,Horizontal,26.0,1.67,35,Concrete,cubic meters,Hole,Liquid
4.0,4.0,30.0,80.0,46.0,89.98,3.1,3.5,57.0,2.57,cyclohexanone,3,ESE,cyclohexanone,Double storied,Urban or forest,Instantaneous,3.1,Sphere,30.0,2.57,66,Concrete,cubic meters,Hole,Liquid
5.0,5.0,23.0,84.0,19.0,11.87,1.4,7.8,94.0,1.82,cyclohexanone,3,NNE,cyclohexanone,Double storied,open country,Continue,1.4,Horizontal,23.0,1.82,29,Concrete,cubic meters,pipe/valve,Liquid
4.0,9.0,25.0,86.0,3.0,40.43,9.0,1.0,66.0,1.26,cyclohexanone,3,NNE,cyclohexanone,Single office,Urban or forest,Instantaneous,9.0,Horizontal,25.0,1.26,55,Concrete,cubic meters,pipe/valve,Liquid
5.0,10.0,22.0,77.0,55.0,51.7,5.7,3.0,9.0,2.89,cyclohexanone,3,ESE,cyclohexanone,Enclosed office,open country,Continue,5.7,Horizontal,22.0,2.89,60,Concrete,cubic meters,pipe/valve,Liquid
5.0,8.0,21.0,81.0,21.0,64.9,4.1,4.7,72.0,1.05,cyclohexanone,3,ESE,cyclohexanone,Single office,open country,Continue,4.1,vertical,21.0,1.05,35,Concrete,cubic meters,pipe/valve,Liquid
5.0,2.0,21.0,83.0,31.0,84.02,8.8,9.2,36.0,1.64,cyclohexanone,3,ENE,cyclohexanone,Single office,Urban or forest,Instantaneous,8.8,vertical,21.0,1.64,19,Concrete,cubic meters,pipe/valve,Liquid
3.0,0.0,31.0,82.0,55.0,42.55,2.7,5.3,77.0,1.95,cyclohexanone,3,ENE,cyclohexanone,Enclosed office,Urban or forest,Instantaneous,2.7,Horizontal,31.0,1.95,14,Concrete,cubic meters,Hole,Liquid
4.0,3.0,21.0,85.0,5.0,52.12,0.8,4.6,45.0,2.44,cyclohexanone,3,ESE,cyclohexanone,Enclosed office,open country,Instantaneous,0.8,Sphere,21.0,2.44,66,Concrete,cubic meters,pipe/valve,Liquid
6.0,7.0,24.0,83.0,9.0,91.02,6.7,8.4,32.0,2.45,cyclohexanone,3,ENE,cyclohexanone,Double storied,Urban or forest,Instantaneous,6.7,Sphere,24.0,2.45,42,Concrete,cubic meters,Hole,Liquid
4.0,5.0,33.0,79.0,40.0,41.47,8.0,2.6,65.0,2.09,cyclohexanone,3,ENE,cyclohexanone,Double storied,Urban or forest,Continue,8.0,Horizontal,33.0,2.09,72,Concrete,cubic meters,pipe/valve,Liquid
